{
  "timestamp": "2025-11-24 07:55:55",
  "reduction_info": {
    "selected_units": [
      0,
      1,
      2,
      3,
      4,
      5
    ],
    "selected_periods": [
      0,
      1,
      3,
      4,
      6,
      7,
      9,
      10,
      12,
      13,
      15,
      16,
      18,
      19,
      21,
      22
    ],
    "num_bits": 1,
    "total_binary_vars": 96,
    "period_mapping": {
      "0": 0,
      "1": 1,
      "2": 1,
      "3": 3,
      "4": 4,
      "5": 4,
      "6": 6,
      "7": 7,
      "8": 7,
      "9": 9,
      "10": 10,
      "11": 10,
      "12": 12,
      "13": 13,
      "14": 13,
      "15": 15,
      "16": 16,
      "17": 16,
      "18": 18,
      "19": 19,
      "20": 19,
      "21": 21,
      "22": 22,
      "23": 22
    },
    "reduction_ratio": {
      "units": 1.0,
      "periods": 0.6666666666666666,
      "total": 0.3333333333333333
    }
  },
  "matrix_info": {
    "shape": [
      96,
      96
    ],
    "offset": 469.55086290189064,
    "min": -79,
    "max": 120,
    "non_zero_count": 755,
    "sparsity": 0.9180772569444444
  },
  "scaling_info": {
    "scale_factor": 0.01818046687852478,
    "obj_scale": 0.0018180466878524781,
    "penalty_power_balance": 0.019679165664062005,
    "penalty_ramp": 0.0062155464,
    "penalty_reserve": 0.0005858748609671035,
    "penalty_n1": 5.858748609671034e-05,
    "original_max": 120.0,
    "final_max": 120,
    "final_min": -79
  }
}