{
  "timestamp": "2025-11-24 07:51:43",
  "problem": "Problem 4: Problem Scale Reduction under Quantum Hardware Constraints",
  "format": "template_format",
  "reduction_info": {
    "max_binary_vars": 100,
    "num_bits": 1,
    "selected_units": [
      0,
      1,
      2,
      3,
      4,
      5
    ],
    "selected_periods": [
      0,
      1,
      3,
      4,
      6,
      7,
      9,
      10,
      12,
      13,
      15,
      16,
      18,
      19,
      21,
      22
    ],
    "total_binary_vars": 96,
    "reduction_ratio": {
      "units": 1.0,
      "periods": 0.6666666666666666,
      "total": 0.3333333333333333
    },
    "time_aggregation": "uniform"
  },
  "matrix_info": {
    "shape": [
      100,
      100
    ],
    "dtype": "float64",
    "offset": 225646072.0015913,
    "statistics": {
      "min": -25000000.0,
      "max": 80015660.46338014,
      "mean": 514472.2469233373,
      "std": 5450590.476937215,
      "non_zero_count": 756,
      "sparsity": 0.9244
    }
  },
  "reduced_data": {
    "units": [
      1,
      2,
      5,
      8,
      11,
      13
    ],
    "P_min": [
      50,
      20,
      15,
      10,
      10,
      12
    ],
    "P_max": [
      300,
      180,
      50,
      35,
      30,
      40
    ],
    "load_demand": [
      166.0,
      212.5,
      257.0,
      257.5,
      246.0,
      202.5,
      161.0,
      153.5,
      170.0,
      196.5,
      232.0,
      243.5,
      236.0,
      214.5,
      182.0,
      146.0
    ],
    "spinning_reserve_req": [
      169.0,
      122.5,
      78.0,
      77.5,
      89.0,
      132.5,
      174.0,
      181.5,
      165.0,
      138.5,
      103.0,
      91.5,
      99.0,
      120.5,
      153.0,
      189.0
    ]
  }
}